{
    "Version": "2012-10-17",
    "Statement": [
        {
            "Effect": "Allow",
            "Action": [
                "ec2:DescribeAccountAttributes",
                "ec2:DescribeInstances",
                "ec2:DescribeInternetGateways",
                "ec2:DescribeRegions",
                "ec2:DescribeRouteTables",
                "ec2:DescribeSecurityGroups",
                "ec2:DescribeSubnets",
                "ec2:DescribeVolumes"
            ],
            "Resource": [
                "*"
            ]
        },
        {
            "Effect": "Allow",
            "Action": [
                "ec2:CreateSecurityGroup",
                "ec2:CreateTags",
                "ec2:CreateVolume",
                "ec2:DescribeVolumesModifications",
                "ec2:ModifyInstanceAttribute",
                "ec2:ModifyVolume"
            ],
            "Resource": [
                "*"
            ]
        },
        {
            "Effect": "Allow",
            "Action": [
                "ec2:AttachVolume",
                "ec2:AuthorizeSecurityGroupIngress",
                "ec2:CreateRoute",
                "ec2:DeleteRoute",
                "ec2:DeleteSecurityGroup",
                "ec2:DeleteVolume",
                "ec2:DetachVolume",
                "ec2:RevokeSecurityGroupIngress"
            ],
            "Resource": [
                "*"
            ],
            "Condition": {
                "StringEquals": {
                    "ec2:ResourceTag/KubernetesCluster": "uw2-k8s1-stage.api.dragonchain.com"
                }
            }
        },
        {
            "Effect": "Allow",
            "Action": [
                "autoscaling:DescribeAutoScalingGroups",
                "autoscaling:DescribeLaunchConfigurations",
                "autoscaling:DescribeTags",
                "ec2:DescribeLaunchTemplateVersions"
            ],
            "Resource": [
                "*"
            ]
        },
        {
            "Effect": "Allow",
            "Action": [
                "autoscaling:SetDesiredCapacity",
                "autoscaling:TerminateInstanceInAutoScalingGroup",
                "autoscaling:UpdateAutoScalingGroup"
            ],
            "Resource": [
                "*"
            ],
            "Condition": {
                "StringEquals": {
                    "autoscaling:ResourceTag/KubernetesCluster": "uw2-k8s1-stage.api.dragonchain.com"
                }
            }
        },
        {
            "Effect": "Allow",
            "Action": [
                "elasticloadbalancing:AddTags",
                "elasticloadbalancing:AttachLoadBalancerToSubnets",
                "elasticloadbalancing:ApplySecurityGroupsToLoadBalancer",
                "elasticloadbalancing:CreateLoadBalancer",
                "elasticloadbalancing:CreateLoadBalancerPolicy",
                "elasticloadbalancing:CreateLoadBalancerListeners",
                "elasticloadbalancing:ConfigureHealthCheck",
                "elasticloadbalancing:DeleteLoadBalancer",
                "elasticloadbalancing:DeleteLoadBalancerListeners",
                "elasticloadbalancing:DescribeLoadBalancers",
                "elasticloadbalancing:DescribeLoadBalancerAttributes",
                "elasticloadbalancing:DetachLoadBalancerFromSubnets",
                "elasticloadbalancing:DeregisterInstancesFromLoadBalancer",
                "elasticloadbalancing:ModifyLoadBalancerAttributes",
                "elasticloadbalancing:RegisterInstancesWithLoadBalancer",
                "elasticloadbalancing:SetLoadBalancerPoliciesForBackendServer"
            ],
            "Resource": [
                "*"
            ]
        },
        {
            "Effect": "Allow",
            "Action": [
                "ec2:DescribeVpcs",
                "elasticloadbalancing:AddTags",
                "elasticloadbalancing:CreateListener",
                "elasticloadbalancing:CreateTargetGroup",
                "elasticloadbalancing:DeleteListener",
                "elasticloadbalancing:DeleteTargetGroup",
                "elasticloadbalancing:DeregisterTargets",
                "elasticloadbalancing:DescribeListeners",
                "elasticloadbalancing:DescribeLoadBalancerPolicies",
                "elasticloadbalancing:DescribeTargetGroups",
                "elasticloadbalancing:DescribeTargetHealth",
                "elasticloadbalancing:ModifyListener",
                "elasticloadbalancing:ModifyTargetGroup",
                "elasticloadbalancing:RegisterTargets",
                "elasticloadbalancing:SetLoadBalancerPoliciesOfListener"
            ],
            "Resource": [
                "*"
            ]
        },
        {
            "Effect": "Allow",
            "Action": [
                "iam:ListServerCertificates",
                "iam:GetServerCertificate"
            ],
            "Resource": [
                "*"
            ]
        },
        {
            "Effect": "Allow",
            "Action": [
                "s3:GetBucketLocation",
                "s3:GetEncryptionConfiguration",
                "s3:ListBucket"
            ],
            "Resource": [
                "arn:aws:s3:::kubernetes-state-store-dc"
            ]
        },
        {
            "Effect": "Allow",
            "Action": [
                "s3:Get*"
            ],
            "Resource": "arn:aws:s3:::kubernetes-state-store-dc/uw2-k8s1-stage.api.dragonchain.com/*"
        },
        {
            "Effect": "Allow",
            "Action": [
                "s3:GetObject",
                "s3:DeleteObject",
                "s3:PutObject"
            ],
            "Resource": "arn:aws:s3:::kubernetes-state-store-dc/uw2-k8s1-stage.api.dragonchain.com/backups/etcd/main/*"
        },
        {
            "Effect": "Allow",
            "Action": [
                "s3:GetObject",
                "s3:DeleteObject",
                "s3:PutObject"
            ],
            "Resource": "arn:aws:s3:::kubernetes-state-store-dc/uw2-k8s1-stage.api.dragonchain.com/backups/etcd/events/*"
        },
        {
            "Effect": "Allow",
            "Action": [
                "route53:ChangeResourceRecordSets",
                "route53:ListResourceRecordSets",
                "route53:GetHostedZone"
            ],
            "Resource": [
                "arn:aws:route53:::hostedzone/Z2ADV4KXMZWAVJ"
            ]
        },
        {
            "Effect": "Allow",
            "Action": [
                "route53:GetChange"
            ],
            "Resource": [
                "arn:aws:route53:::change/*"
            ]
        },
        {
            "Effect": "Allow",
            "Action": [
                "route53:ListHostedZones"
            ],
            "Resource": [
                "*"
            ]
        },
        {
            "Effect": "Allow",
            "Action": [
                "ecr:GetAuthorizationToken",
                "ecr:BatchCheckLayerAvailability",
                "ecr:GetDownloadUrlForLayer",
                "ecr:GetRepositoryPolicy",
                "ecr:DescribeRepositories",
                "ecr:ListImages",
                "ecr:BatchGetImage"
            ],
            "Resource": [
                "*"
            ]
        },
	{
            "Effect": "Allow",
            "Action": [
                "autoscaling:DescribeAutoScalingGroups",
                "autoscaling:DescribeAutoScalingInstances",
                "autoscaling:SetDesiredCapacity",
                "autoscaling:DescribeLaunchConfigurations",
                "autoscaling:DescribeTags",
                "autoscaling:TerminateInstanceInAutoScalingGroup",
                "ec2:DescribeLaunchTemplateVersions"
            ],
            "Resource": [
                "*"
            ]
        }
    ]
}
